file,interacting_chain,interacting_atom,residue_number,amino_acid,distance (angstroms)
A,ATP,O1G,94,T,2.43408203125
A,ATP,O3B,95,S,2.6955759525299072
A,ATP,O2B,97,G,2.954782724380493
A,ATP,O2G,98,K,2.797912359237671
A,ATP,O1B,99,T,2.937647819519043
A,ATP,O3B,205,N,2.980753898620605
A,alpha-tubulin,OE1,242,S,2.9356131553649902
A,alpha-tubulin,OE2,244,K,2.476642847061157
A,alpha-tubulin,NZ,250,A,2.683391809463501
A,alpha-tubulin,OE2,266,S,2.5945560932159424
A,beta-tubulin,OE1,159,N,2.67405366897583
A,beta-tubulin,OE2,163,H,2.761348247528076
A,beta-tubulin,OE1,282,H,2.875741958618164
A,beta-tubulin,OD2,286,R,2.571375131607056
A,kinesin B,OE1,166,K,2.758011817932129
A,kinesin B,NZ,346,E,2.8588788509368896
A,kinesin B,OE2,359,N,2.054415225982666
A,kinesin B,NH2,372,E,2.857144355773926
A,kinesin B,OE1,373,L,2.870945453643799
A,kinesin B,OE2,377,R,2.765533447265625
A,kinesin B,NH2,388,I,2.9102673530578613
C,ATP,O2G,94,T,2.471453905105591
C,ATP,O3B,95,S,2.9235379695892334
C,ATP,O1B,98,K,2.8820974826812744
C,ATP,O2B,99,T,2.656883955001831
C,ATP,O2A,100,H,2.7273435592651367
C,ATP,O2G,208,S,2.8766520023345947
C,ATP,O3G,209,S,2.7936689853668213
C,ATP,O1G,241,G,2.8299522399902344
C,alpha-tubulin,OE1,244,K,2.536552906036377
C,alpha-tubulin,O,245,I,2.9564311504364014
C,alpha-tubulin,OE2,266,S,2.598006010055542
C,alpha-tubulin,OE1,318,A,2.9456822872161865
C,alpha-tubulin,OE1,325,R,2.939748287200928
C,beta-tubulin,OE2,163,H,2.811490058898926
C,beta-tubulin,OE1,282,H,2.7998008728027344
C,beta-tubulin,OD2,286,R,2.564934015274048
C,kinesin B,OE1,166,K,2.732813835144043
C,kinesin B,ND2,355,E,2.087067127227783
C,kinesin B,OE2,359,N,2.181346893310547
C,kinesin B,OD1,362,L,2.8901329040527344
C,kinesin B,OE1,365,K,2.987513780593872
C,kinesin B,NH2,372,E,2.7590510845184326
C,kinesin B,OE1,373,L,2.7946407794952397
C,kinesin B,OE2,377,R,2.7263762950897217
C,kinesin B,NH2,388,I,2.872932910919189
